Country,Year,% Electricity Access,% Electricity Access Rural,% Electricity Access Urban,% Basic Water Access,% Basic Water Access Rural,% Basic Water Access Urban,% Safe Water Access,% Safe Water Access Rural,% Safe Water Access Urban,% Internet Users,Mobile phone subscriptions per 100,Regulatory Quality: Estimate,Government Effectiveness: Estimate,Rule of Law: Estimate,"Government expenditure on education, total (% of GDP)",Pupil-teacher ratio Primary,Pupil-teacher ratio Secondary,School enrollment Tertiary,Domestic credit to private sector (% of GDP)
Colombia,2000,95.2,83.2728263302574,99.4,91.9600501288055,73.9438051410163,98.3042377166324,68.5495180186544,34.2168342650785,80.6393275621988,2.207532993,5.75492345,0.0915148556232452,-0.403075814247131,-0.925037920475006,3.5112099647522,26.45241,19.19542,25.5096893310547,20.9474743929536
Uruguay,2000,97.6418151855469,78.0671006001076,99.33749,96.979327450984,74.8080169959871,98.8999358314915,,,93.9230057783065,10.53905775,12.47749242,0.745703041553497,0.416957408189774,0.556891262531281,2.42254996299744,20.75667,14.62523,33.8414497375488,45.0942269291081
Paraguay,2000,89.578857421875,79.508954554312,97.7083435058594,76.2362190151531,54.3895688425271,93.8731378722036,49.8363406977831,27.6066538184421,67.7824856696434,0.747630712,16.0194964,-0.724985361099243,-1.03906869888306,-0.989421188831329,4.2302098274231,,11.88346,17.2084293365479,23.7603984264133
Peru,2000,72.496495,11.0893948031391,95.160342,80.1488865847973,50.3748930954251,91.1377313364777,44.8984082273486,13.8916979679047,56.3422191541544,3.076430611,4.779155172,0.331481695175171,-0.183523014187813,-0.718046724796295,3.22802996635437,28.74385,20.35754,33.3326187133789,26.3416775572587
Ecuador,2000,93.6975250244141,85.3655241512833,99.1833343505859,82.307372343955,69.3885032895523,90.8131830717405,58.2030485527504,42.9568377771948,68.241187653362,1.462188536,3.819053045,-0.452023267745972,-0.685290277004242,-0.666360259056091,1.15093004703522,23.25134,13.57916,,
Chile,2000,97.938687,86.545766045949,99.782113,95.7491208421222,75.0350378523185,99.1007526645129,92.0930265397315,,97.942799739497,16.6,22.15717664,1.4047327041626,1.00555968284607,1.26092338562012,3.75707006454468,32.22683,29.3532,35.4313201904297,
Brazil,2000,94.4314117431641,74.6087507052771,99.0233001708984,93.4715252595615,73.3094559038782,98.1420357948216,76.0321004143178,46.9754385138723,82.7630299204847,2.870685159,13.18455708,0.258442431688309,0.0430850870907307,-0.244871854782104,3.94893002510071,24.79699,,,31.1409857776162
Bolivia,2000,69.963045,28.1674284923216,95.81211,80.7715746117768,57.1670057283542,95.3701395041665,,,,1.442763585,6.780441344,0.0159793049097061,-0.309992283582687,-0.368222206830978,,,,,
Argentina,2000,95.6804733276367,91.7907280675116,96.1542663574219,96.2840257442126,76.4046814968374,98.7054445292028,,,,7.038683086,17.5015229,0.182292386889458,-0.0280386935919523,-0.214404493570328,4.58030986785889,20.05203,12.30048,54.3332710266113,23.8947336198062
"Venezuela, RB",2000,98.9,91.8620615494163,99.9,97.2276979084936,,,,,,3.359597465,22.29913391,-0.319230049848557,-0.692695796489716,-0.86523449420929,,,,27.9836292266846,10.4838423233885
"Venezuela, RB",2001,99.9,99.1769548238556,100.0,97.0506030485361,,,,,,4.636000948,26.01499674,,,,,,,,12.3700667445056
Bolivia,2001,69.258539,28.0133475022578,94.211133,81.4940913476166,58.2449108453356,95.5594249964728,,,,2.120462534,8.917328029,,,,,,,,
Paraguay,2001,91.04207,82.2929807326335,97.925846,77.7879198510234,56.9142198177341,94.2113269194782,50.7923976210312,28.8880974291963,68.0266800661461,1.098793836,22.06640992,,,,3.83357000350952,,12.8672,19.3145008087158,24.1686675413357
Peru,2001,72.113111,16.0957564815301,92.363804,80.9349728807421,51.9202395473972,91.4240179568878,45.2970342463624,14.3062066179753,56.5004506712429,7.578762957,6.638127117,,,,3.03712010383606,29.28379,20.31555,29.8303699493408,23.4478078840921
Brazil,2001,96.016528,81.875763171679,99.215119,93.8143435778762,74.3392273886433,98.2195421431795,76.5975256507164,49.0512572976918,82.8283909064906,4.528494869,16.13010807,,,,3.84468007087708,22.97087,,,29.0040380210043
Chile,2001,97.1343612670898,82.1771931729168,99.4961471557617,96.062891345866,76.5038818956377,99.1513262856356,92.5939094976499,,98.0599269164789,19.1,32.85744801,,,,,,,,73.0816959622537
Uruguay,2001,97.7260131835938,80.2638695293875,99.1821517944336,97.0455793320333,74.8080169959871,98.8999358314915,,,93.9230057783065,11.12143768,15.75282064,,,,2.80096006393433,20.77524,14.07179,37.7791595458984,53.8538856752747
Argentina,2001,95.5110634674458,88.6387107010035,96.3320159912109,96.5228198652942,77.7862630429431,98.7610379656668,,,,9.780807285,17.98746665,,,,4.833740234375,18.02999,17.48206,58.791690826416,20.833574652466
Ecuador,2001,93.9700241088867,85.9183147263751,99.1614761352539,83.0397753678423,70.1846317853022,91.328306708221,58.7580237951327,43.4497027479093,68.6282751615047,2.670443674,6.688339072,,,,,23.06638,13.57838,,
Colombia,2001,98.47,94.2896105012491,99.91,92.2691173355502,74.5227404396571,98.3821331324187,68.8641708171215,34.4876809358357,80.7056879289226,2.854199971,8.196373426,,,,3.70867991447449,26.01713,,26.3812599182129,21.9066125992657
Brazil,2002,96.652996,84.1179541141622,99.426994,94.1424897502086,75.3689988734084,98.2970484915375,76.9846391084615,50.2827385207288,82.8937518924965,9.149425086,19.32713015,0.182567074894905,-0.0346153452992439,-0.266611307859421,3.75037002563477,22.35331,19.12073,,29.6451419418143
Bolivia,2002,63.996855,22.5278025679909,88.579206,82.192495481738,59.3239027985188,95.7487181495015,,,,3.117192947,11.49737045,-0.0900735929608345,-0.327785730361938,-0.378112554550171,7.1950478553772,,,,
Chile,2002,97.2666854858398,83.0918062237528,99.4588928222656,96.3584619844032,77.9727259389565,99.2018999067582,93.0706286963931,,98.1771225895676,22.1,39.78841312,1.31849634647369,1.07848691940308,1.25724005699158,4.04881000518799,32.92755,32.55556,40.2664985656738,74.3460982792707
Colombia,2002,94.8810424804688,82.1038583057049,99.1863403320313,92.5729955519748,75.1015756217409,98.4600236115694,69.1752616173546,34.758527606593,80.7720482956465,4.6,11.36250635,-0.0232630856335163,-0.487907588481903,-0.749073088169098,4.26812982559204,26.81989,20.92474,26.5130996704102,21.5233089569655
Uruguay,2002,97.8016662597656,80.9206128021252,99.1567993164063,97.1141025553808,74.8080169959871,98.9047324979386,,,93.9230057783065,11.4194702,15.53114058,0.556354939937592,0.588606655597687,0.674292743206024,2.32220005989075,21.1696,,39.5832290649414,70.5117382668268
Paraguay,2002,91.666443,83.7261620553744,97.754926,79.2988558912089,59.4097474825577,94.5495159667529,51.734895397557,30.1695410399504,68.2708744626489,1.794969598,31.53341939,-0.583924293518066,-1.11379849910736,-1.12330663204193,3.40773010253906,26.9585,11.86107,28.3510494232178,20.8556279671977
Peru,2002,74.382688,19.4595836712162,93.830749,81.7100789592886,53.4680331922306,91.7104744878533,45.6919055303477,14.7207152680459,56.6586821883315,8.96694917,8.43967421,-0.039765790104866,-0.391418874263763,-0.557922065258026,2.82056999206543,25.08563,18.91347,30.157190322876,22.2020482940237
"Venezuela, RB",2002,99.8,99.8,99.8,96.8735081885788,,,,,,4.910446327,25.82571685,-0.666176438331604,-1.00294363498688,-1.15901207923889,,,,37.8175811767578,10.1271663738157
Ecuador,2002,94.2339706420898,86.5261108792575,99.1375503540039,83.7853304814912,71.0569416812901,91.8828624736943,59.2665603894288,43.9425677186238,69.0153626696474,4.260796915,11.94176277,-0.72901463508606,-0.831196308135986,-0.756515443325043,,24.47064,13.57727,,18.0733828157646
Argentina,2002,96.0960006713867,92.5830974497896,96.5076904296875,96.7554692969689,79.1678445890489,98.8166314021307,,,,10.88212438,17.33333812,-0.880716562271118,-0.228479072451591,-0.761098086833954,4.01734018325806,17.596,17.04147,62.0592613220215,15.3318584042485
Ecuador,2003,94.973044,88.1286747831256,99.291127,84.5049724237034,71.9309604962399,92.4378605663238,59.7442101819941,44.4354326893383,69.4024501777901,4.460228345,18.02968067,-0.723995983600616,-0.936161398887634,-0.780572593212128,,23.73489,13.27407,,17.2380908737676
Paraguay,2003,92.558399,85.6111689128733,97.80421,80.6966115800717,61.9028011369247,94.8877050140275,52.5689888184747,31.4509846507051,68.5150688591516,2.111942082,33.0704465,-0.761302411556244,-0.997566938400269,-1.05233979225159,3.3827600479126,27.84307,11.83609,26.9992599487305,12.6861707511378
Bolivia,2003,72.3,34.9556020125163,94.0,82.878552285047,60.4039815879047,95.9380189632526,,,,3.508596401,14.11936214,-0.152667000889778,-0.383329838514328,-0.46946907043457,6.62961912155151,,,,
Peru,2003,74.380966,18.497245189282,93.762531,82.474684134901,55.0182740299253,91.9971009293742,46.0834622820292,15.1352239181165,56.81691370542,11.6,10.60821354,0.114225752651691,-0.585180282592773,-0.588656902313232,2.93779993057251,23.96144,16.18434,30.2261905670166,19.9857411626907
Chile,2003,98.782325,92.7695106105395,99.707507,96.6106866646012,79.4415699822757,99.2524735278809,93.4761730857816,,98.2943867587633,25.47377889,45.83031509,1.3334413766861,1.10024511814117,1.17721080780029,3.91868996620178,34.0928,,43.5181999206543,75.8320621380067
Argentina,2003,96.2979507446289,92.9043660661052,96.6882171630859,96.9824166198558,80.5494261351546,98.8722248385947,,,,11.91369655,20.48748472,-0.691475629806519,-0.0342199839651585,-0.777115821838379,3.53504991531372,,16.14991,64.4024505615234,10.7627059172487
Colombia,2003,95.0771865844727,82.6511385372642,99.172721862793,92.8717379215959,75.680310687268,98.5379091540847,69.4828061807332,35.0293742773503,80.8384086623704,7.388923711,15.0671079,-0.126518681645393,-0.221860736608505,-0.739117562770844,4.32513999938965,,,,21.0762350135313
"Venezuela, RB",2003,95.7,67.2847847369515,99.6108016967773,96.6964133286213,,,,,,7.499963465,27.20934415,-1.00267052650452,-0.960159420967102,-1.33635425567627,,,,39.5479507446289,8.90612621463873
Brazil,2003,96.980098,85.3215354110452,99.504184,94.4635263894455,76.3987703581735,98.3745548398954,77.2659685376963,50.9697548149417,82.9591128785024,13.2075861,25.39202175,0.196701481938362,0.0817573666572571,-0.367893666028976,,21.56753,16.73021,,27.6856699444345
Uruguay,2003,97.8757781982422,81.560638819282,99.1363067626953,97.1809653076757,74.8080169959871,98.9095291643857,,,93.9230057783065,15.93713672,15.03020057,0.311726301908493,0.456945091485977,0.656516373157501,2.0682098865509,20.82538,14.81555,41.7629699707031,43.186543114802
Peru,2004,75.692357,20.8976930775592,94.305688,83.228525609799,56.5709620604811,92.2838972814505,46.4713175637238,15.5497325681871,56.9751452225086,14.1,14.67186871,0.204360604286194,-0.649820864200592,-0.545422077178955,2.95787000656128,23.30454,16.636,32.0726013183594,17.9102399219746
Uruguay,2004,97.9553527832031,82.1926666689096,99.1275863647461,97.2456872380091,74.8080169959871,98.9143258308328,,,93.9230057783065,17.06309834,18.09909527,0.29997780919075,0.303184807300568,0.456370502710342,2.49954009056091,20.53409,,42.7656097412109,24.1933895956931
Chile,2004,97.5337295532227,85.3031766389546,99.4058609008789,96.8614230083117,80.9104140255949,99.3030471490035,93.8845755309309,,98.4117194240659,28.17791012,57.81873304,1.36798417568207,1.11775302886963,1.16569674015045,3.54307007789612,27.29501,25.19256,44.3284606933594,76.7499857826017
Colombia,2004,95.2788009643555,83.2066651937505,99.1708755493164,93.1651930443208,76.2589456362378,98.6157897599644,69.7863824437527,35.3002209481076,80.9047690290943,9.118690303,24.97241422,-0.0864163339138031,-0.215896517038345,-0.695200145244598,4.07934999465942,27.95172,24.64723,29.5034599304199,22.1991386566001
Ecuador,2004,94.7642669677734,87.8163957344181,99.1111755371094,85.2242831812291,72.806688230151,92.9933009861095,60.2214424234426,44.9282976600527,69.7895376859328,4.834442638,26.1860424,-0.699335694313049,-0.957234144210815,-0.764899849891663,,23.13241,13.34317,,19.7573270776366
Brazil,2004,96.765107,83.4505450590802,99.585301,94.7773576406478,77.4285418429385,98.4520611882534,77.5417105801939,51.6567711091546,83.0244738645083,19.07367227,35.51552318,0.0374141857028008,-0.0922709181904793,-0.400920122861862,3.97447991371155,21.38676,16.01712,,29.372770255415
Paraguay,2004,93.249876,87.5003645021474,97.533542,82.0578364483405,64.3933807808333,95.2187044133382,53.3776089654459,32.7324282614593,68.7592632556544,3.452438431,32.29215977,-0.752638399600983,-0.965075552463531,-0.981866180896759,2.86989998817444,27.84345,11.83621,27.2375907897949,12.2968111859529
Bolivia,2004,75.865852355957,40.3028939727806,96.1220703125,83.5560293047153,61.4851472134922,96.1273274377261,,,,4.439924601,19.53921968,-0.265374273061752,-0.644271314144135,-0.626744568347931,6.84771823883057,,,,
"Venezuela, RB",2004,99.1,95.5793933258552,99.5833587646484,96.5193184686639,,,,,,8.404469592,32.10814595,-1.06540596485138,-1.05573272705078,-1.25664877891541,,,,41.5587882995605,11.081772129298
Argentina,2004,96.50537109375,93.1807940987941,96.8805236816406,97.2043461157274,81.9310076812603,98.9278182750587,,,,16.03668411,34.94389378,-0.698035299777985,0.015197392553091,-0.767380177974701,3.48652005195618,17.95223,15.42813,64.8878479003906,9.68251819633223
Bolivia,2005,68.288209,29.5450096623227,89.920884,84.2242902869626,62.5673996752825,96.316643572922,,,,5.227583957,25.82171069,-0.693852126598358,-0.699575066566467,-0.765424847602844,6.71352529525757,,,,45.0254627672739
Paraguay,2005,94.686886,89.6435764868766,98.394309,83.4038094172464,66.8814864142854,95.5496527454427,54.1794188710187,34.0138718722139,69.0034576521572,7.907007861,34.45393525,-0.864246666431427,-0.777090907096863,-0.963428318500519,,,,27.9218807220459,12.2808884618236
"Venezuela, RB",2005,98.7767562866211,92.9512347540181,99.5746078491211,96.3422236087065,,,,,,12.55299791,46.85523169,-1.09960174560547,-0.919886887073517,-1.25851392745972,,,,,13.214871769626
Peru,2005,77.173645,24.6324316286897,94.65564,83.9713814105883,58.1260972838982,92.5708635440821,46.8550889845653,15.9642412182578,57.1333767395971,17.1,19.83622779,0.00708298105746508,-0.695960521697998,-0.700787901878357,2.83903002738953,23.02813,16.72571,32.374210357666,19.066421608863
Argentina,2005,96.7252655029297,93.4174966806644,97.0915298461914,97.4211883068913,83.3125892273661,98.9834117115226,,,,17.72058337,56.70883514,-0.525074362754822,-0.0979790613055229,-0.557991087436676,3.86000990867615,17.44373,15.1209,63.732349395752,10.6534929189359
Ecuador,2005,95.83265,89.6499426203581,99.668752,85.9430527454143,73.6841248830236,93.5491837330515,60.6980071745337,45.4211626307671,70.1766251940755,5.994255161,45.36184863,-0.777636587619781,-0.96779453754425,-0.821377992630005,,22.89619,13.90459,,21.3337636764422
Brazil,2005,97.093513,84.8305341166813,99.634816,95.0841359766136,78.4583133277036,98.5295675366113,77.8119682556767,52.3437874033675,83.0898348505142,21.02274725,46.15180215,0.0369012579321861,-0.157670244574547,-0.475531458854675,4.47908020019531,21.04365,15.42777,,31.8397841564577
Chile,2005,97.6824645996094,86.379296120732,99.4039306640625,97.1101191966706,82.3792580689137,99.3536207701262,94.2947464357848,,98.5291205854755,31.17534703,65.34385645,1.31246471405029,1.1556099653244,1.21021103858948,3.28016996383667,26.05133,24.76865,50.2735595703125,77.6345654084378
Colombia,2005,96.8,88.8729066779625,99.3,93.4534280310835,76.8374804686507,98.6936654292086,70.0860124543181,35.5710676188648,80.9711293958182,11.00726389,51.75155503,-0.0163637585937977,-0.197672158479691,-0.63308185338974,4.02098989486694,28.34839,26.17165,32.253978729248,22.7527186089507
Uruguay,2005,98.0474090576172,82.8202847836264,99.137565612793,97.457299940853,76.3250921633245,98.9702225203355,,,93.9715248880556,20.08818956,34.81132061,0.41782546043396,0.492236137390137,0.45884957909584,2.71475005149841,20.15194,14.60478,44.3836708068848,22.4749430738691
Brazil,2006,97.594314,87.1654186077617,99.708742,95.3841881864926,79.4880848124687,98.6070738849692,78.0771293045467,53.0308036975804,83.1551958365201,28.17838018,52.91720162,-0.0412733852863312,-0.391295492649078,-0.402620196342468,4.87060022354126,,,,35.4251666677718
Ecuador,2006,96.315259,91.0974955781545,99.525886,86.661280805982,74.5632704548581,94.1055088071496,61.1739057460291,45.9140276014817,70.5637127022182,7.2,60.56829501,-1.09882938861847,-1.03793919086456,-1.03100264072418,,22.51506,14.36216,,21.8009773357976
Paraguay,2006,96.749045,94.2848426626501,98.536399,84.7343030109567,69.3671180372791,95.8805500103406,54.9740890307161,35.2953154829681,69.2476520486599,7.962073884,58.41069259,-0.702513158321381,-0.963064432144165,-0.971096038818359,,,,,11.6682860592129
Bolivia,2006,76.211281,41.570565416095,95.170734,84.8844138580423,63.6507389732744,96.5059673688402,,,,6.200671255,30.13983939,-0.88841587305069,-0.732252717018127,-0.85372930765152,6.43421983718872,,,,37.8000929735202
Chile,2006,99.368108,96.4189839696739,99.814949,97.3573221347286,83.8481021122329,99.4041943912488,94.7076424957526,,98.6465902429919,34.49775117,76.22360399,1.42389464378357,0.937738180160522,1.18129122257233,3.04014992713928,25.73597,24.41269,49.3216896057129,78.113323368979
"Venezuela, RB",2006,99.3,97.1685020589066,99.5912094116211,96.1651287487491,,,,,,15.22471148,69.32850172,-1.20800864696503,-1.0665237903595,-1.40944445133209,3.66905999183655,,,,17.0371328682102
Argentina,2006,96.9644088745117,93.6189826730907,97.327880859375,97.6332141757066,84.6941707734718,99.0390051479866,,,,20.9272021,79.81991978,-0.61456698179245,-0.0339163094758987,-0.57701563835144,4.12821006774902,17.1849,14.19154,67.1185913085938,11.9102616607561
Colombia,2006,95.7262268066406,84.3692072328959,99.2299423217773,93.7365220800179,77.4159151845066,98.7715361618173,70.3817298964061,35.8419142896221,81.0374897625421,15.34167454,69.58309594,0.106225542724133,-0.191516101360321,-0.508387923240662,3.91671991348267,28.18322,27.36572,34.3662109375,27.3293271996088
Peru,2006,80.157275,31.0512461707818,96.160471,84.7040840155234,59.6836797001765,92.8579997172692,47.2356370534844,16.3787498683284,57.2916082566857,20.7,32.13408596,0.0748254135251045,-0.757418632507324,-0.70465487241745,2.65281009674072,21.88156,16.21431,33.8254699707031,20.8131640208248
Uruguay,2006,98.505426,86.5679785770351,99.328071,97.6603940754754,77.8421673306614,99.0261241655992,,,94.0200439978046,29.4,70.13284845,0.401181012392044,0.379883676767349,0.551547348499298,2.85664010047913,19.64452,15.40865,45.3399810791016,23.7519352815852
Brazil,2007,98.125382,89.7762109431126,99.781449,95.6776268688402,80.5178562972338,98.6845802333272,78.3372659226286,53.7178199917933,83.220556822526,30.88,63.4135915,-0.0228346195071936,-0.290289968252182,-0.40977942943573,4.97425985336304,23.85828,18.55159,,40.6909379403607
Uruguay,2007,98.692636,88.1559018704719,99.391608,97.8550725077812,79.3592424979987,99.082030766624,,,94.0685631075536,34.0,90.25647327,0.380375653505325,0.563164889812469,0.600704789161682,,15.50977,13.79812,50.3921318054199,23.0299725881958
Bolivia,2007,80.156567,46.5350647948982,98.195281,85.535458269738,64.7351651074691,96.6952988254809,,,,10.49924432,33.51209002,-0.986018240451813,-0.574792742729187,-0.832326352596283,6.72048997879028,,,,36.9684280719826
Paraguay,2007,96.452771,93.1261847408821,98.833535,86.0493988819789,71.8502756498153,96.211396208032,55.7616473764269,36.5767590937223,69.4918464451626,11.21,83.97567218,-0.583475470542908,-0.853146731853485,-0.964514315128326,2.73951005935669,,,31.2753391265869,13.7176649664944
Chile,2007,98.0392684936523,88.5062165782339,99.4763565063477,97.602715506187,85.3169461555517,99.4547680123715,95.1225882108195,,98.7379742729562,35.9,84.59985967,1.4855865240097,1.18673837184906,1.19518756866455,3.2331600189209,25.11168,23.71092,54.7230491638184,84.0752473162029
Ecuador,2007,96.812618,92.1896829500312,99.633543,87.3793619728247,75.4441249456539,94.662276208404,61.6496381799933,46.4068925721961,70.9508002103609,10.8,69.74523844,-1.13693797588348,-0.861449539661407,-1.03286147117615,,22.56566,14.65735,,22.849184623435
Argentina,2007,97.2243957519531,93.7968151410963,97.5898132324219,97.8403601049127,86.0757523195775,99.0945985844506,,,,25.94663294,101.3182303,-0.635693550109863,-0.0125325033441186,-0.60147225856781,4.46260023117065,16.36028,13.63714,66.9094467163086,13.0985413493544
Colombia,2007,95.9804077148438,84.9890860004402,99.297721862793,94.014341189398,77.9942497838056,98.8494019577905,70.6354233345572,36.1127609603793,81.0547840089964,21.8,78.37404023,0.284262537956238,-0.0502213798463345,-0.432980388402939,4.08301019668579,29.51974,25.2348,35.4785308837891,30.5665682234071
"Venezuela, RB",2007,98.8523712158203,93.1216828493878,99.6333847045898,95.9880338887916,,,,,,20.83,86.53968776,-1.44393813610077,-1.09786081314087,-1.57048094272614,3.62732005119324,,,,23.4811724669825
Peru,2007,81.988131,38.689204719776,95.809539,85.4260756884851,61.243709309316,93.1453058010116,47.6121663782402,16.793258518399,57.4498397737742,25.2,53.90572862,0.238475114107132,-0.627492427825928,-0.751626133918762,2.62940001487732,21.79327,16.388,,24.6070736917389
Bolivia,2008,84.674991,57.00263148671,99.227943,86.178447326585,65.8206780778659,96.8846379428439,,,,12.5,50.99491498,-0.864422380924225,-0.629991829395294,-0.978549301624298,6.72302007675171,,,,34.6926245132721
Colombia,2008,96.806763,86.963158488676,99.713281,94.2871908166194,78.5724842665475,98.9272628171282,70.8848352722594,36.3836076311366,81.0719979622037,25.6,94.40706951,0.272389978170395,-0.0256232153624296,-0.381235986948013,3.9387800693512,29.3957,,37.9448013305664,31.3428821283831
Ecuador,2008,97.206576,93.2733946810412,99.586687,88.0969010489875,76.3266883554115,95.2194859368146,62.1247128309791,46.8997575429107,71.3378877185036,18.8,80.60041815,-1.12754857540131,-0.854377806186676,-1.10530638694763,,,,38.3230590820312,23.7230653062487
Uruguay,2008,98.784355,88.0019131183618,99.472839,98.0418784087256,80.8763176653357,99.1379423234097,,,94.1170822173027,39.3,105.1463884,0.396923661231995,0.541956722736359,0.613664507865906,,15.00998,12.619,51.0627593994141,27.1685339479512
Brazil,2008,98.526625,91.8522558317765,99.821747,95.9645639704386,81.5476277819988,98.7620865816852,78.5924528100554,54.4048362860062,83.2859178085319,33.83,78.18528647,0.0770274102687836,-0.148200899362564,-0.288044780492783,5.26883983612061,23.02467,17.19542,,45.7822559936968
Paraguay,2008,96.677896,93.3766124131434,99.009049,87.34940587523,74.330959251895,96.5421913385171,56.5424407687472,37.858202704477,69.7360408416654,14.27,102.5794009,-0.491690039634705,-0.870992124080658,-0.910835206508636,,,,37.1245803833008,18.759698013852
Chile,2008,98.2453155517578,89.5805488503394,99.5447463989258,97.8465856667141,86.7857901988709,99.5053416334941,95.5400867626514,,98.8174967546977,37.3,88.80729074,1.50248491764069,1.06214225292206,1.21035730838776,3.79189991950989,24.64024,23.32647,56.7743988037109,100.172568090225
"Venezuela, RB",2008,98.9178161621094,93.202031652557,99.694953918457,95.8109390288342,,,,,,25.88,98.14040558,-1.37214863300323,-1.14979684352875,-1.63578140735626,,,,78.7609786987305,21.4696738075916
Peru,2008,84.678343,45.4175509616323,97.041166,86.0983257164264,62.8061861113172,93.4327817953093,47.9330066058152,17.2077671684698,57.6080712908628,30.57,72.73380352,0.320967674255371,-0.431019514799118,-0.730335593223572,2.8677499294281,20.87707,16.23886,,29.7639607500021
Argentina,2008,97.5016021728516,93.9690229551928,97.8711318969727,98.0428781125276,87.4573338656833,99.1501920209145,,,,28.11262348,115.4815533,-0.702629446983337,-0.123509347438812,-0.699731647968292,4.84440994262695,17.22969,12.23531,68.816291809082,12.313946714342
Paraguay,2009,96.891335,94.7418446987216,98.388943,88.6341505522764,76.8091688435163,96.8729354017957,57.3161639642248,39.1396463152311,69.9802352381681,18.9,98.52812081,-0.409247994422913,-0.90478652715683,-0.857977032661438,,,,40.0043411254883,21.5814306496874
"Venezuela, RB",2009,98.9966583251953,93.2987468994963,99.7694549560547,95.6338441688768,,,,,,32.7,99.27872501,-1.55987942218781,-0.974365472793579,-1.62595248222351,6.87468004226685,,,78.7361907958984,23.6136286787978
Ecuador,2009,96.470862,92.2825551062125,98.984382,88.8138907242714,77.2109606841305,95.7771379923815,62.5991244746966,47.3926225136251,71.7249752266463,24.6,89.81868124,-1.25917947292328,-0.738012194633484,-1.20504021644592,4.34242010116577,23.18609,20.52053,,23.9243357820287
Brazil,2009,98.856938,93.6173982013286,99.85168,96.2447988312122,82.5773992667639,98.8395929300431,78.8422056955295,55.091852580219,83.3512787945378,39.22,87.07984742,0.127607271075249,-0.151303574442863,-0.103854693472385,5.46355009078979,22.64411,17.13865,,47.4942898437646
Colombia,2009,96.057229,83.7688332244996,99.607048,94.555130092227,79.1506186327325,99.0051187398303,71.129988451761,36.6544543018939,81.089131622164,30.0,95.13853853,0.0882817208766937,-0.300557911396027,-0.367777585983276,4.77651977539062,29.30908,26.65632,39.5088005065918,30.058849809334
Argentina,2009,97.7922058105469,94.1565361473394,98.1653900146484,98.2407291145394,88.838915411789,99.2057854573785,,,,34.0,128.9999606,-0.830836772918701,-0.294032037258148,-0.694468080997467,5.53105020523071,,,71.0374603271484,12.4162075416805
Chile,2009,99.593662,97.7480003886174,99.869036,98.0886728560827,88.2546342421897,99.5559152546168,95.9595503190944,,98.8970490334845,41.56,97.72343715,1.42739927768707,1.13757157325745,1.19409048557281,4.25475978851318,23.00957,22.40762,59.9912910461426,102.68707590882
Uruguay,2009,99.1,92.5927274604976,99.5,98.2209436100955,82.393392832673,99.1938588359565,,,94.1656013270517,41.8,122.9476137,0.50594687461853,0.624378561973572,0.755774736404419,,13.98624,12.42639,50.9438095092773,19.8647260994371
Bolivia,2009,86.765597,63.2775839921946,98.874112,86.8124762197611,66.9072778844645,97.0739847209293,,,,16.8,64.31385416,-0.873411774635315,-0.60438460111618,-1.11391890048981,7.57486009597778,,,,37.0182157363304
Peru,2009,86.42432,50.9597738475109,97.476145,86.7473234759731,64.3711101061792,93.7204277001624,48.2284832138322,17.6222758185404,57.7663028079513,31.4,85.14627675,0.366641789674759,-0.489155441522598,-0.624266803264618,3.13994002342224,20.15716,16.53146,,30.0145290325562
Chile,2010,99.5258941650391,98.259694376562,99.7138595581055,98.3290115514448,89.7234782855089,99.6064888757394,96.3809737725732,,98.9766311093167,45.0,116.7493111,1.41517114639282,1.15724182128906,1.22541570663452,4.18953990936279,23.41154,21.86571,66.3445205688477,99.475590658437
Ecuador,2010,97.462142,93.6767025356105,99.715049,89.5305233009271,78.0969419318113,96.3352323751046,63.0731256086382,47.8854874843396,72.112062734789,29.03,98.60665932,-1.12405169010162,-0.674511253833771,-1.14322912693024,4.50743007659912,21.98396,19.9457,,26.5376119109975
Uruguay,2010,99.3,94.2294282861401,99.6,98.3929293447382,83.9104680000104,99.2497803042644,,,94.2141204368007,46.4,132.3477451,0.599306583404541,0.633332192897797,0.786790609359741,,13.79403,12.65841,51.8884315490723,21.4040361151246
Paraguay,2010,97.43086,94.4269003292346,99.495933,89.9037202338302,79.2849044246802,97.203628397868,58.0828478054046,40.4210899259853,70.2244296346709,19.8,102.6392137,-0.361598461866379,-0.912053406238556,-0.830411493778229,2.7707200050354,,,37.7850494384766,25.4241390581724
Brazil,2010,98.6,92.1396107159664,99.8,96.5187999853069,83.607170751529,98.917099278401,79.0871837552091,55.7788688744319,83.4166397805437,40.65,100.293596,0.246619865298271,-0.0868625491857529,0.0564144365489483,5.64879989624023,22.16609,16.66361,,52.7646576277272
Peru,2010,88.123061,55.6332347263447,98.142493,87.3922024813053,65.9384812939024,94.0082435155709,48.5229924626543,18.036784468611,57.9245343250398,34.77,99.60853686,0.39282089471817,-0.239367961883545,-0.566099524497986,2.86730003356934,19.68166,15.99044,,30.261687153432
Colombia,2010,96.788995,86.2368922879806,99.771476,94.8180493749797,79.7286528823607,99.0829697258969,71.3704833631711,36.9253009726512,81.1061849888773,36.5,99.24479163,0.157253935933113,-0.123824141919613,-0.271385610103607,4.83382987976074,28.13107,27.14634,41.529670715332,32.3529586377969
Bolivia,2010,87.9524154663086,66.422110855658,98.8326263427734,87.4379445833791,67.9949645272657,97.2633391597371,,,,22.4,70.22501607,-0.797301411628723,-0.500350832939148,-1.02979016304016,6.97379016876221,,,,40.3422839979531
Argentina,2010,98.82,98.6167091875539,98.8404769897461,98.4340478989156,90.2204969578947,99.2613788938425,,,,45.0,138.8859542,-0.742940902709961,-0.1117919459939,-0.59809422492981,5.01971006393433,,,74.1875305175781,12.6901062454749
"Venezuela, RB",2010,99.0850448608398,93.4278286086303,99.8504257202148,95.4567493089194,,,,,,37.37,97.09249744,-1.56311976909637,-1.10220277309418,-1.66915047168732,,,,,18.8543354200342
Paraguay,2011,98.23656,96.2914962801058,99.555902,91.1581991748664,81.7581659953875,97.5342703267336,58.8425200380271,41.70253353674,70.4686240311736,24.76351588,111.7235159,-0.326602280139923,-0.84945946931839,-0.800011336803436,3.69282007217407,,,,28.9522503181962
Ecuador,2011,96.872699,91.948733423091,99.783081,90.2407039603204,78.9846320984535,96.8937690849838,63.5385152036045,48.378352455054,72.4991502429317,31.36680836,100.6233672,-0.956343531608582,-0.527820348739624,-1.14428532123566,4.72689008712769,21.89836,20.90102,,27.4906111612239
Uruguay,2011,99.17,94.6044617253278,99.43,98.5579482470455,85.4275431673473,99.3057067283332,,,94.2626395465498,51.40466106,141.5210804,0.609196186065674,0.539623916149139,0.731594443321228,4.14937019348145,,,52.5558204650879,21.9739905078767
Peru,2011,89.707491,61.3020759651831,98.376636,88.0324057036576,67.5082996744868,94.2962292415347,48.8157378335811,18.4512931186816,58.0827658421284,36.01,110.1218612,0.404832929372787,-0.206647053360939,-0.580825686454773,2.6635000705719,19.5637,16.69359,,32.3092275000503
Argentina,2011,99.0342864990234,97.7890435761809,99.1575927734375,98.6218627766521,91.6020785040005,99.3169723303064,,,,51.0,146.2467408,-0.701964378356934,-0.0723610669374466,-0.563123285770416,5.29062986373901,,,77.4296112060547,14.0087151168124
Chile,2011,99.588193,97.768645182206,99.856911,98.5678197749082,91.1923223288281,99.6570624968621,96.8047465803339,,99.0562429821941,52.24960729,129.9394599,1.44053530693054,1.15227234363556,1.26333856582642,4.0617299079895,21.97403,21.0574,70.8241806030273,101.863485354335
Brazil,2011,99.328691,96.1905873888052,99.898571,96.7879749994184,84.636942236294,98.994605626759,79.32989308241,56.4658851686449,83.4820007665496,45.69,118.2517092,0.25802206993103,-0.152404069900513,0.0451417230069637,5.73741006851196,21.28507,16.34985,,58.0784911048748
Bolivia,2011,88.335943,66.6475736814098,99.079263,88.0551966846425,69.0837380062687,97.4527012592673,,,,30.0,80.34893557,-0.76334536075592,-0.46942475438118,-0.984035789966583,6.45056009292603,,,,40.7930963326947
"Venezuela, RB",2011,98.84,90.8199628257951,99.9224700927734,95.279654448962,,,,,,40.22,98.92026985,-1.40288519859314,-1.13208639621735,-1.68640148639679,,,,,20.4742256485102
Colombia,2011,96.6936,85.5032364870935,99.788503,95.0760498001745,80.3065870154318,99.160815775328,71.6063729113685,37.1961476434085,81.1231580623437,40.35091575,101.9676509,0.279601454734802,-0.0504269637167454,-0.217361465096474,4.46608018875122,27.57965,25.58137,45.2873306274414,34.9599738877775
Argentina,2012,99.143798828125,96.0965621663528,99.4407272338867,98.8052936559107,92.9836600501062,99.3725657667704,,,,55.8,153.3349717,-0.897686779499054,-0.206967011094093,-0.623034238815308,5.34582996368408,,,78.4559097290039,15.2128150156924
Uruguay,2012,99.6,100.0,99.8,98.7083810648102,86.9446183346846,99.3616381081631,,,94.3111586562988,54.45376868,148.1833852,0.599089086055756,0.415858507156372,0.614688694477081,4.09353351593018,,,54.7069091796875,22.1705291861539
Brazil,2012,99.519494,97.2218134471323,99.927418,97.0509780439356,85.6667137210591,99.0721119751169,79.5678671260293,57.1529014628577,83.5473617525555,48.56,124.1756934,0.173244088888168,-0.16054867208004,-0.0769327953457832,5.85510015487671,20.51712,15.97387,43.2308502197266,62.5192931966295
Peru,2012,91.099508,66.1668240020821,98.629566,88.668521405509,69.0805652479325,94.5843848780541,49.1075284045421,18.8658017687522,58.240997359217,38.2,98.78481683,0.436642318964005,-0.18742011487484,-0.58197021484375,2.92276000976562,19.18832,16.75243,,34.0437468209084
"Venezuela, RB",2012,99.2751007080078,94.093209235913,99.973503112793,95.1025595890046,,,,,,49.05008307,103.7279644,-1.4448344707489,-1.08209621906281,-1.71477735042572,,,,,25.3037496584734
Chile,2012,100.0,100.0,100.0,98.804914353575,92.6611663721469,99.7076361179847,97.2304063276018,,99.1358846521168,55.05,138.0537951,1.53619813919067,1.17844355106354,1.28765678405762,4.54170417785645,21.15991,20.04352,75.0770721435547,104.266686520499
Bolivia,2012,90.387375,72.1698831517664,99.232931,88.6640012861427,70.1735983214743,97.6420710195199,,,,35.34,89.81531826,-0.832377791404724,-0.359967857599258,-1.01876401901245,6.62799978256226,,,,44.1369059073557
Paraguay,2012,97.835616,95.1415019680433,99.638662,92.3978172967035,84.2289535556365,97.8648611883929,59.5954947575113,42.9839771474942,70.7128184276763,29.34,114.6941362,-0.261282652616501,-0.899536430835724,-0.810820519924164,3.668790102005,24.15974,18.4041,,31.5463020861537
Ecuador,2012,97.194929,93.0528045447706,99.628858,90.9465125066669,79.8740311840572,97.4527481220193,63.9977979252036,48.8712174257685,72.8862377510744,35.13514645,106.2830299,-0.943592429161072,-0.474284678697586,-1.06392514705658,4.64307022094727,22.07965,21.96425,39.4205207824707,28.3830691403415
Colombia,2012,97.032176,87.0779682889139,99.726102,95.3293842263037,80.8844210319458,99.2386568881237,71.8381237323737,37.4669943141657,81.1400508425631,48.98,107.1729328,0.326594680547714,-0.00116499257273972,-0.32591912150383,4.37038993835449,25.04796,25.39509,47.4669914245605,37.7448515262878
Colombia,2013,97.779418,90.0737700750495,99.820229,95.5779768800422,81.4621549319029,99.3164930642837,72.065357493291,37.737840984923,81.1568633295355,51.7,108.7745797,0.339824229478836,0.0535053834319115,-0.387949466705322,4.87855005264282,24.98364,25.49841,50.7474899291992,39.4836916913458
Peru,2013,92.135365,69.9050114897088,98.779725,89.3000345168685,70.6552780142394,94.8727104251287,49.3975732778675,19.2803104188229,58.3992288763055,39.2,99.18268397,0.40630167722702,-0.150675311684608,-0.574129939079285,3.29729008674622,18.08394,15.46321,,37.7199291764532
Chile,2013,99.6,100.0,99.8,99.0403880891887,94.1300104154661,99.7582097391074,97.6580967341943,,99.2048142917518,58.0,135.1310128,1.48287189006805,1.15845036506653,1.25525140762329,4.54814004898071,19.52587,21.00122,79.8703384399414,106.039690609015
Brazil,2013,99.575151,97.5020335215565,99.935013,97.3076718816465,86.6964852058242,99.1496183234749,80.3830808932991,58.9981132037093,84.0951928996992,51.04,134.3929329,0.146290123462677,-0.11827490478754,-0.0918470323085785,5.8388500213623,21.22749,17.26308,44.3393707275391,64.2305738235588
Uruguay,2013,99.611808,100.0,99.752604,98.8525781207321,88.4616935020216,99.417574443754,,,94.3596777660478,57.69,155.8020277,0.715800821781158,0.397564351558685,0.576835691928864,4.23892021179199,11.9642,,59.9512596130371,24.3768815230441
Ecuador,2013,98.034674,95.4451382866422,99.547373,91.6523257841324,80.7651391886227,98.012169486211,64.4567910969441,49.364082396483,73.2733252592171,40.27912194,105.7445117,-0.837611019611359,-0.447573006153107,-0.870148360729218,5.00464010238647,23.29823,23.0055,40.0047416687012,28.984637662845
Paraguay,2013,99.015884,97.8732195878365,99.771428,93.618796817874,86.6972671054279,98.1954009828459,60.3329577140855,44.2654207582483,70.9570128241791,36.9,117.4443175,-0.247296139597893,-0.878931939601898,-0.766909003257751,2.67871189117432,,,,34.3778942787921
Argentina,2013,99.285774230957,95.4264642484105,99.655891418457,98.8641989604982,92.9836600501062,99.4281592032344,,,,59.9,158.9154655,-0.928134799003601,-0.253538548946381,-0.656233191490173,5.43661022186279,,,78.7686614990234,15.7290920133564
Bolivia,2013,89.505686,68.5167310164241,99.520076,89.2500734436876,71.2645454728817,97.8314484404948,,,,36.99,97.04333351,-0.786389470100403,-0.378246128559113,-1.05081140995026,6.80321979522705,16.44289,20.81323,,46.6796572079739
"Venezuela, RB",2013,99.3690948486328,94.7153767012845,99.9957122802734,94.9254647290471,,,,,,54.9,103.5460059,-1.52926170825958,-1.11327660083771,-1.78581345081329,,,,,29.8961496920909
Chile,2014,100.0,100.0,100.0,99.2742482208884,95.5988544587849,99.8087833602301,98.0877635800852,,99.2504278875124,61.11,133.8868853,1.48458957672119,1.03544294834137,1.34896945953369,4.75167989730835,18.65062,20.06238,83.6629791259766,109.059262769559
Argentina,2014,100.0,100.0,100.0,98.9232479851466,92.9836600501062,99.4837526396983,,,,64.7,142.9902363,-1.0661495923996,-0.110760383307934,-0.866434514522552,5.36144018173218,,,81.1694107055664,13.8237692455151
"Venezuela, RB",2014,100.0,100.0,100.0,94.7483698690897,,,,,,57.0,101.1087376,-1.74004256725311,-1.17395925521851,-1.90905845165253,,,,,
Brazil,2014,99.650247,97.910077020264,99.945554,97.5585811855157,87.7262566905893,99.2271246718328,81.1948027794409,60.870838785333,84.6437783513175,54.55100188,137.9776265,-0.0282199531793594,-0.175329744815826,-0.0527190156280994,5.94848012924194,20.91814,16.69174,47.1568717956543,66.028510394056
Colombia,2014,97.790938,89.8921484763603,99.838367,95.821895841302,82.039788715303,99.3943243038083,72.2881015066443,38.0086876556802,81.1735955232609,52.57,118.5362158,0.444412022829056,-0.13524903357029,-0.251975983381271,4.62945985794067,24.28676,24.90129,53.1794395446777,42.3846056970013
Paraguay,2014,99.000716,97.7289608791323,99.831939,94.8251554833038,89.1631066447628,98.5258897100923,61.061071762889,45.546864369003,71.2012072206818,43.0,119.9410874,-0.205342337489128,-0.937642991542816,-0.604193925857544,2.59655904769897,,,,38.1381490369685
Uruguay,2014,99.657085,100.0,99.778072,98.9935587469069,89.9787686693589,99.4735157351059,,,94.4081968757969,61.46,162.0767046,0.723710596561432,0.435458540916443,0.76191633939743,4.26735019683838,11.46753,,59.8266983032227,25.1667931664776
Ecuador,2014,98.976067,97.5028529871302,99.83164,92.3579685609702,81.6579561121496,98.572033177559,64.9152564369809,49.8569473671974,73.6604127673598,45.59039067,104.0590503,-0.920283794403076,-0.384382158517838,-0.970510959625244,5.26099014282227,24.70893,23.03294,,29.4931073105841
Bolivia,2014,90.038729,70.2928656645319,99.310844,89.8203347879304,72.3565794604918,98.0208335221922,,,,34.6,95.72549681,-0.886673927307129,-0.581343531608582,-1.05817568302155,7.47812986373901,16.75972,20.41025,,50.3224201105545
Peru,2014,92.919989,72.7675028572342,98.880892,89.9272553412932,72.2324379734075,95.1612058827587,49.6862851582852,19.6948190688935,58.5574603933941,40.2,105.0276552,0.474248230457306,-0.326231420040131,-0.522220551967621,3.69599008560181,17.66104,14.20135,,40.8996268175973
Ecuador,2015,98.825883,97.0184025663935,99.869408,93.0637815799392,82.5524819546383,99.1323391960631,65.3736735755729,50.349812337912,74.0475002755024,48.94043379,79.92016129,-1.14157736301422,-0.394115418195724,-0.956348419189453,4.99870014190674,25.10819,22.35071,44.9455184936523,29.3088888013936
Argentina,2015,99.6890335083008,97.6160575199843,99.8815307617188,98.9823081880311,92.9836600501062,99.5393460761623,,,,68.04306411,142.9639551,-0.898022353649139,-0.0493510514497757,-0.748842358589172,5.77611017227173,,,83.762580871582,14.4142330417064
Bolivia,2015,91.522822,74.3384969422006,99.46435,90.3841680932499,73.4497002843035,98.2102262646119,,,,37.49,91.63886556,-0.919425427913666,-0.676364421844482,-1.16192066669464,8.14342975616455,16.99771,20.39699,,58.0661171886246
Peru,2015,93.852179,76.692689134919,98.874896,90.5504162789145,73.8120451254368,95.449871250944,49.9740518201525,20.1093277189641,58.7156919104826,40.85260091,111.4742209,0.439279824495316,-0.367109000682831,-0.499133169651031,3.96933007240295,17.9767,14.09055,,43.8679314540477
Colombia,2015,98.186898,91.7902476160102,99.809718,96.0614092543758,82.6173223821461,99.4721506066974,72.5068379340233,38.2795343264375,81.1902474237394,55.90497251,121.6634145,0.407719731330872,-0.0933124199509621,-0.246754705905914,4.47038984298706,24.23937,26.47999,54.7961311340332,46.9053935998568
"Venezuela, RB",2015,100.0,100.0,100.0,94.5712750091323,,,,,,58.0,95.29573416,-1.87266981601715,-1.19534075260162,-2.05221772193909,,,,,
Brazil,2015,99.710902,98.2324092529854,99.956197,97.8035647892997,88.7560281753543,99.3046310201908,82.0024616838265,62.771078207729,85.1931181074106,58.32795173,125.6477067,-0.181910037994385,-0.254576027393341,-0.187204733490944,6.24105978012085,20.58529,16.45139,48.4340400695801,66.829700644229
Chile,2015,99.714844,100.0,99.876858,99.5064928801766,97.0676985021041,99.8593569813527,98.3824735679149,,99.2960367410454,76.62959195,129.861175,1.31984269618988,0.919540107250214,1.22005689144135,4.90390014648438,18.3778,19.44185,86.4181137084961,110.121398407654
Uruguay,2015,99.70948,100.0,99.806205,99.1313996037366,91.4958438366958,99.5294619822189,,,94.4567159855459,64.5707871,151.7998906,0.588026165962219,0.455125451087952,0.737417757511139,4.20636987686157,11.76053,,57.7897186279297,27.8140085275854
Paraguay,2015,99.331532,98.5827141533253,99.815336,96.0186086116123,91.6264721736394,98.8563273701322,61.7831924379874,46.8283079797572,71.4454016171845,49.71630466,119.974846,-0.205608889460564,-0.998269379138947,-0.644318699836731,3.33377814292908,,,,43.3496464702998
Brazil,2016,99.7,98.4671299664121,99.9,97.955839734312,89.1636624338378,99.3821373685487,82.7432602104915,64.2505250381725,85.7432121679783,60.87254007,117.9869738,-0.189951747655869,-0.248414695262909,-0.201229780912399,6.314040184021,20.31899,16.60114,48.3333396911621,62.1940069702965
Ecuador,2016,98.7,96.7834914382474,99.8,93.7694147343323,83.4487167160883,99.6930875417235,65.8315610896667,50.8426773086264,74.4345877836451,54.06292473,84.44422411,-0.958474397659302,-0.383266448974609,-0.648918271064758,4.36274814605713,25.09592,21.94529,,30.7902323279596
Uruguay,2016,99.7,100.0,99.8,99.2662515756008,93.0129190040332,99.5854131850929,,,94.5052350952949,66.4,149.8853759,0.681275367736816,0.505491554737091,0.619399189949036,4.36420011520386,11.13129,,59.6462898254395,25.68158188654
"Venezuela, RB",2016,99.4,94.9302911398112,100.0,94.3941801491749,,,,,,60.0,89.78392506,-1.99904632568359,-1.27306926250458,-2.26685833930969,,,,,
Chile,2016,100.0,100.0,100.0,99.7371866996943,98.5365425454233,99.9099306024754,98.57763488943,,99.3416408523505,83.55858602,128.8584324,1.36390829086304,0.834684908390045,0.960226476192474,5.3664698600769,18.00111,18.81748,88.8458862304688,111.312209230487
Peru,2016,94.2,77.9748393653812,98.9,91.1691059497992,75.3940994703274,95.7387065296847,50.2601122519687,20.5238363690347,58.8739234275711,45.46174069,118.631109,0.469326198101044,-0.255904018878937,-0.495757699012756,3.81316995620728,18.31765,14.33983,73.330192565918,42.8090253456419
Argentina,2016,99.8997421264648,99.2730691798647,99.9570083618164,99.0413737808333,92.9836600501062,99.5949395126263,,,,70.96898082,145.9179567,-0.347571164369583,0.219068825244904,-0.320517688989639,5.54548978805542,,,86.6178817749023,13.6676334273514
Colombia,2016,98.4,92.7619947950945,99.8,96.2965922555706,83.1947559324322,99.5499719729509,72.7215997126754,38.5503809971947,81.2068190309708,58.13649357,123.2204667,0.339025348424912,-0.0364807955920696,-0.265702873468399,4.47721004486084,24.31808,26.18799,57.1437492370605,47.0541978052352
Paraguay,2016,98.4,96.0512810812205,99.9,97.1992968525856,94.0873636920584,99.1867139629658,62.499589919327,48.1097515905114,71.6895960136873,53.40412748,119.5138493,-0.229902908205986,-0.821773171424866,-0.690513730049133,3.4349799156189,,,,41.3557191308076
Bolivia,2016,91.8,74.8694598817851,99.5,90.9418494280406,74.543907944318,98.399626667754,,,,39.6975146,89.7292164,-1.01973187923431,-0.60018265247345,-1.23817598819733,8.15060997009277,17.20856,19.609,,63.9737731163013
Uruguay,2017,99.8,100.0,99.8,99.3980706091476,94.5299941713701,99.6413693437279,,,94.553754205044,70.3223544,148.9559056,0.644441664218903,0.405030578374863,0.556687533855438,4.41787004470825,11.0193,,59.7518882751465,23.9262973761523
"Venezuela, RB",2017,99.2,93.2300924694069,100.0,94.2170852892175,,,,,,61.6,80.14049665,-1.98403537273407,-1.42667186260223,-2.25875568389893,,,,,
Ecuador,2017,99.2,97.7979632047478,100.0,94.3131376557692,84.3466603965002,100.0,66.1811722729968,51.3355422793409,74.65207,55.8,87.74901563,-1.02322399616241,-0.352241843938828,-0.718148052692413,4.6142578125,24.48003,20.99927,,34.2771581990472
Chile,2017,99.7,100.0,99.8,99.9654459534359,100.0,99.960504223598,98.7702384337868,,99.387240221428,82.32748693,125.28541,1.32520079612732,0.809503495693207,0.979842782020569,5.43278980255127,17.79358,18.36688,89.921989440918,113.584914654946
Paraguay,2017,99.3,98.5080101531139,99.8,98.3671694137756,96.545781200021,99.5170494885929,63.2098061082128,49.391195201266,71.93379041019,61.07575622,117.5106256,-0.248081043362617,-0.841677308082581,-0.669473230838776,3.09062075614929,,,,41.1558966178086
Colombia,2017,98.5,92.7403397637954,99.9,96.5273645492207,83.7720893661616,99.627788402569,72.9320062470848,38.8212276679521,81.2233103449553,62.25988032,128.6822441,0.257449120283127,-0.140618026256561,-0.366342157125473,4.53551006317139,23.60132,26.01138,58.3960418701172,49.8054213986162
Brazil,2017,99.8,99.1695931615088,99.9,98.4509560322469,90.8155711448845,99.6621372473658,83.6051549791106,66.6540985748373,86.2940605330206,67.47128452,106.1217992,-0.130867004394531,-0.316740095615387,-0.305652469396591,6.32047986984253,20.22308,16.72391,50.0267486572266,59.4843092982775
Bolivia,2017,91.8,74.8204412100342,99.4,91.492948547896,75.6392024405342,98.5890347316185,,,,43.83227607,95.86980372,-0.995413899421692,-0.395686626434326,-1.2447555065155,8.09724044799805,17.58897,18.90098,,64.5347126938118
Argentina,2017,100.0,100.0,100.0,,,99.6505329490902,,,,74.29490687,140.5014607,-0.196299895644188,0.135000482201576,-0.238357037305832,5.45431995391846,,,89.2329406738281,15.9584973420583
Peru,2017,94.8,80.4978448676186,98.9,91.7835691514677,76.9786010080792,96.0277117189809,50.5448533651236,20.9383450191053,59.0321549446597,50.45041218,123.1285796,0.351463735103607,-0.204651653766632,-0.523573160171509,3.93130993843079,17.93677,14.57939,71.2465515136719,42.4146143080756
Chile,2018,100.0,100.0,100.0,100.0,100.0,100.0,98.7713670184763,,99.4218210533229,84.9,134.6365175,1.30045235157013,0.907250463962555,0.939828157424927,5.473060131073,,,91.1974792480469,118.169229262694
Colombia,2018,98.5,92.6166784645762,99.9,96.739501221738,84.3493226833338,99.6878778577855,73.1264378879352,39.0920743387093,81.2252815206725,64.12637682,130.9211763,0.224889174103737,-0.139319524168968,-0.383665770292282,4.44910001754761,23.3015,25.91073,57.3205413818359,49.567317750776
Brazil,2018,99.7,98.4109076033192,99.9,98.6794937002595,91.8453426296496,99.7398013937364,84.4000388230692,68.6368795195501,86.8456632025377,70.43428254,99.64002652,-0.293125450611115,-0.520446002483368,-0.302387714385986,6.08851003646851,,,51.1916885375977,60.2183479373178
Ecuador,2018,98.7,96.9359656275889,99.7,94.6622656055683,85.2463129958733,100.0,66.3946984801382,51.8284072500554,74.65207,57.5,92.69594524,-0.886888802051544,-0.317857921123505,-0.663210570812225,4.62145519256592,24.26216,20.62112,48.327880859375,38.3078949486514
"Venezuela, RB",2018,99.8781967163086,98.96706848921,100.0,94.0399904292601,,,,,,,69.50784615,-2.38673639297485,-1.6713570356369,-2.26574206352234,,,,,
Paraguay,2018,99.6,99.1190549142616,99.9,99.5224912893959,99.0017246975251,99.8473339470135,63.9167043454898,50.6726388120202,72.1779848066927,64.99354302,115.4634996,-0.0895191580057144,-0.604826033115387,-0.602721273899078,3.29619598388672,,,,44.5974774295712
Peru,2018,95.2,81.7999810536238,99.0,92.3950837119963,78.5655497386922,96.3168868188324,50.8309405945818,21.352853669176,59.1903864617482,55.05433424,130.8994047,0.443382769823074,-0.32370787858963,-0.566928744316101,3.71392011642456,17.38724,14.20042,,43.9039424432995
Argentina,2018,99.9937362670898,99.9229553144899,100.0,,,99.7061263855542,,,,77.7,131.9371685,-0.195977628231049,0.0280940532684326,-0.219662562012672,4.87773990631104,,,90.9728317260742,
Bolivia,2018,92.8,77.5866708596203,99.5,92.0388440736544,76.735583772953,98.7784504562054,,,,44.2861422,98.61224848,-1.00710666179657,-0.329635828733444,-1.21184551715851,8.01587009429932,17.79827,18.49627,,67.854292502785
Uruguay,2018,99.8,100.0,99.8,99.4785987119326,95.30083,99.6830731065375,,,94.5887445887446,80.72684288,130.1172556,0.623031616210938,0.505017399787903,0.570794284343719,4.61359977722168,,,60.2781295776367,24.9989872593708
Brazil,2019,99.8,98.4820886457358,100.0,98.9355439518362,93.1240962150149,99.817465540107,85.1909258971105,70.647174305035,87.3980201765293,73.91243991,95.38505233,-0.121404096484184,-0.233971297740936,-0.224174305796623,5.96346998214722,,,52.6240615844727,62.7905050746971
Ecuador,2019,99.09,97.7574766957378,99.84,95.0112246263964,86.1476745142081,100.0,66.6098571346883,52.3212722207698,74.65207,59.2,91.40531396,-0.796693980693817,-0.367639988660812,-0.542889177799225,4.22565984725952,,,48.0878791809082,42.4893238149636
Uruguay,2019,99.9,100.0,99.9,99.4872379896577,95.30083,99.6879037723971,,,94.5887445887446,83.35153377,132.0241348,0.61363160610199,0.643163442611694,0.603662550449371,4.64130020141602,,,61.9644317626953,25.3791141468326
Bolivia,2019,95.08,84.9234776648635,99.48,92.5659538959925,77.7930760803924,98.9658510358439,,,,47.47481911,99.24869117,-1.00195634365082,-0.790492653846741,-1.18922472000122,8.09103965759277,,,,71.1981730889511
Peru,2019,95.551360223182,82.9478253388103,99.0857208034867,93.0032366873463,80.1549456621664,96.6062318292392,51.117947943385,21.7673623192466,59.3486179788368,59.9505036,121.3854737,0.517202258110046,-0.12579932808876,-0.5202516913414,3.822429895401,,,,44.7242368945336
Colombia,2019,99.4442596435547,97.0589523159486,100.0,96.8925246726353,84.926455883949,99.6804390180783,73.2719193638744,39.3629210094666,81.1722032102488,65.00690072,132.0713308,0.317910939455032,0.032749880105257,-0.391018122434616,4.51069021224976,,,56.6663017272949,51.5551729249983
Argentina,2019,100.0,100.0,100.0,,,99.7617198220182,,,,79.94695203,125.9409814,-0.453079700469971,-0.120677568018436,-0.427303701639175,4.77759981155396,,,95.0775527954102,
"Venezuela, RB",2019,99.8447799682617,98.6801018016151,100.0,93.8628955693026,,,,,,,63.77343008,-2.38258337974548,-1.72234714031219,-2.25972700119019,,,,,
Chile,2019,100.0,100.0,100.0,100.0,100.0,100.0,98.7713665442106,,99.4218210533229,85.01758384,131.5774455,1.15849316120148,0.863591849803925,0.923450410366058,5.61996984481812,,,92.0659713745117,124.692040573316
Paraguay,2019,99.7,99.3753547467552,99.9,99.5911140188522,99.1112275316309,99.8867485356581,64.0189287156062,50.728686295824,72.2064769603427,68.51762842,118.8639678,-0.13721576333046,-0.576705813407898,-0.56812709569931,3.48983025550842,,,,47.7506335037991
Brazil,2020,99.7027130126953,98.6721959416221,99.8557052612305,99.3208587959277,95.9452595331207,99.8220013050854,85.9216178835864,72.6849829312923,87.8867466956476,81.34269353,96.54706819,-0.111011527478695,-0.465359300374985,-0.231702029705048,5.77150011062622,,,54.5727996826172,68.6961548524775
Chile,2020,100.0,100.0,100.0,100.0,100.0,100.0,98.7713706847373,,99.4218210533229,86.37099516,129.8851806,0.948647737503052,0.70538467168808,0.927434802055359,5.62514019012451,,,89.1124877929688,123.998095622027
Bolivia,2020,97.2218170166016,90.9025890464327,99.9142227172852,93.0874216875902,78.8505683878323,99.1532516154826,,,,59.94010155,98.89563329,-1.03529012203217,-0.725854098796844,-1.2192155122757,8.43710994720459,,,,
Colombia,2020,99.7217559814453,98.5020509702548,100.0,97.0410236613368,85.5034889680072,99.6730079504531,73.413231097311,39.6337676802238,81.1191353719545,69.79533474,132.8719623,0.225666418671608,0.00868012197315693,-0.492650598287582,5.26550006866455,,,55.7331085205078,54.3473282430859
"Venezuela, RB",2020,99.9163208007813,99.2860745745092,100.0,93.6858007093452,,,,,,,58.06789032,-2.26745915412903,-1.88906502723694,-2.33331513404846,,,,,
Argentina,2020,100.0,100.0,100.0,,,99.8173132584821,,,,85.51438646,121.6001889,-0.498344272375107,-0.253818213939667,-0.487334787845612,5.27964019775391,,,99.266227722168,
Ecuador,2020,98.85,97.3995768906549,99.66,95.3597647097715,87.0507449515047,100.0,66.8266652974836,52.8141371914843,74.65207,70.7,88.04208636,-0.871133387088776,-0.47004047036171,-0.541196286678314,4.11401987075806,,,57.9376602172852,47.3632302664939
Peru,2020,96.2,86.0985574555857,99.0,93.6079681449903,81.7467887785023,96.8957467502014,51.4062095308154,22.1818709693173,59.5068494959253,65.25179796,118.176464,0.471264183521271,-0.294040530920029,-0.385730803012848,4.24804019927979,,,,55.1650762907297
Paraguay,2020,99.7,99.3711373428281,99.9,99.5934707827491,99.1112275316309,99.8867485356581,64.084221431351,50.728686295824,72.2064769603427,73.95751114,118.8308269,-0.13966229557991,-0.56505823135376,-0.428430765867233,3.93615007400513,,,,50.7131734297599
Uruguay,2020,100.0,100.0,100.0,99.4957570735158,95.30083,99.6927344382567,,,94.5887445887446,86.31019103,132.7256301,0.687180042266846,0.730151116847992,0.648838937282562,4.54306983947754,,,64.933219909668,27.8287563273001
"Venezuela, RB",2021,99.9877166748047,99.8947894907304,100.0,93.5087058493878,,,,,,,60.31557029,-2.21518588066101,-1.87447190284729,-2.29995846748352,,,,,
Chile,2021,100.0,100.0,100.0,100.0,100.0,100.0,98.7713676396397,,99.4218210533229,90.19336882,136.3134058,0.936240255832672,0.592204332351685,0.891350984573364,,,,96.2227935791016,108.778806534605
Ecuador,2021,100.0,100.0,99.9770889282227,95.6779995112767,87.8728298730994,100.0,67.044902482394,53.3070021621987,74.65207,76.20289766,94.33558884,-0.719614744186401,-0.240734726190567,-0.353610903024673,3.6913800239563,,,,50.228226266303
Peru,2021,95.6,83.5511622295803,98.9,94.2088981939542,83.341079087699,97.185431581719,51.6953125922784,22.5963796193879,59.6650810130139,71.10782643,127.8361756,0.0637786462903023,-0.294465482234955,-0.531429529190063,3.97350001335144,,,,47.6814896051666
Brazil,2021,99.4621200561523,97.305019265081,99.7754440307617,99.5894010970371,97.9870921875149,99.8221393379292,86.644033115994,74.7503053983217,88.3716239959785,80.68989314,102.48887,-0.121613994240761,-0.492295622825623,-0.300649881362915,,,,56.8306198120117,69.6821528671646
Paraguay,2021,100.0,100.0,100.0,99.5958982324205,99.1112275316309,99.8867485356581,64.1514476084887,50.728686295824,72.2064769603427,77.01838621,118.9635011,-0.222117677330971,-0.655436873435974,-0.575048804283142,3.41070008277893,,,,49.4627024962652
Uruguay,2021,100.0,100.0,100.0,99.504241877115,95.30083,99.6975651041162,,,94.5887445887446,90.07384089,136.9212202,0.719142973423004,0.799935340881348,0.698169112205505,4.41334009170532,,,75.17138671875,26.4209910597088
Bolivia,2021,98.5562286376953,95.1100037052494,100.0,93.603178923005,79.9080606952722,99.3406521951212,,,,65.9773785,99.62307127,-1.16856575012207,-0.762389004230499,-1.17688238620758,,,,,
Colombia,2021,99.9991073608398,99.9951115050321,100.0,97.3938172969202,86.0804219355085,99.9211300475059,73.7198955424508,39.9046143509811,81.2739337238979,73.02837449,145.6931676,0.20214469730854,-0.0466581918299198,-0.469918787479401,,,,58.3159217834473,51.13143617335
Argentina,2021,100.0,100.0,100.0,,,99.8173132584821,,,,87.15070683,130.4550081,-0.631172716617584,-0.389672070741653,-0.476669818162918,4.6476001739502,,,107.130661010742,
